City,Country,Latitude,Longitude,Temp,Wind,Cloudiness,Pressure,Humidity,Date
busselton,AU,-33.65,115.3333,61.05,8.14,89.0,1023.0,69.0,2021-08-13 04:27:07
cap malheureux,MU,-19.9842,57.6142,74.46,10.0,9.0,1022.0,78.0,2021-08-13 04:27:08
sentyabrskiy,,,,,,,,,
znamenskoye,RU,57.1281,73.8282,58.41,10.2,76.0,1021.0,59.0,2021-08-13 04:27:11
bodaybo,RU,57.8506,114.1933,80.08,2.46,55.0,1009.0,54.0,2021-08-13 04:27:12
new norfolk,AU,-42.7826,147.0587,51.91,5.99,95.0,1010.0,65.0,2021-08-13 04:27:13
prince rupert,CA,54.3161,-130.3201,62.38,2.3,1.0,1021.0,85.0,2021-08-13 04:27:15
boa vista,BR,2.8197,-60.6733,75.18,5.75,75.0,1014.0,88.0,2021-08-13 04:17:48
bonnybridge,GB,56.0015,-3.8886,55.2,9.71,29.0,1010.0,91.0,2021-08-13 04:27:17
el vendrell,ES,41.2167,1.5333,73.96,3.98,3.0,1020.0,56.0,2021-08-13 04:27:19
punta arenas,CL,-53.15,-70.9167,45.7,19.91,97.0,1000.0,81.0,2021-08-13 04:27:20
adrar,MR,20.5022,-10.0711,89.28,17.4,52.0,1006.0,13.0,2021-08-13 04:20:40
taoudenni,ML,22.6783,-3.9836,97.07,10.38,0.0,1007.0,8.0,2021-08-13 04:25:26
ribeira grande,PT,38.5167,-28.7,73.42,26.57,60.0,1018.0,86.0,2021-08-13 04:27:23
kieta,PG,-6.2167,155.6333,82.9,7.27,52.0,1010.0,73.0,2021-08-13 04:25:55
chuy,UY,-33.6971,-53.4616,43.27,4.88,1.0,1031.0,87.0,2021-08-13 04:27:26
georgetown,MY,5.4112,100.3354,85.95,8.05,20.0,1010.0,74.0,2021-08-13 04:27:27
mataura,NZ,-46.1927,168.8643,51.48,3.31,12.0,1009.0,68.0,2021-08-13 04:27:29
puerto ayora,EC,-0.7393,-90.3518,68.56,7.0,11.0,1016.0,86.0,2021-08-13 04:27:30
magan,ES,39.9683,-3.931,79.83,2.89,0.0,1018.0,24.0,2021-08-13 04:27:31
riyadh,SA,24.6877,46.7219,89.74,5.1,22.0,1005.0,11.0,2021-08-13 04:25:00
upernavik,GL,72.7868,-56.1549,42.87,9.33,100.0,1012.0,87.0,2021-08-13 04:27:34
port alfred,ZA,-33.5906,26.891,53.98,10.92,74.0,1035.0,64.0,2021-08-13 04:27:35
pangai,TO,-19.8,-174.35,73.51,13.8,40.0,1016.0,60.0,2021-08-13 04:27:36
dingle,PH,10.9995,122.6711,89.46,6.02,36.0,1009.0,59.0,2021-08-13 04:24:21
hilo,US,19.7297,-155.09,75.38,3.0,20.0,1017.0,87.0,2021-08-13 04:23:36
klyuchi,RU,52.2667,79.1667,57.0,12.37,100.0,1012.0,84.0,2021-08-13 04:27:40
dikson,RU,73.5069,80.5464,44.42,10.49,99.0,1010.0,99.0,2021-08-13 04:18:29
rio cuarto,AR,-33.1307,-64.3499,34.83,10.51,1.0,1027.0,50.0,2021-08-13 04:27:43
thompson,CA,55.7435,-97.8558,48.36,4.61,75.0,1010.0,53.0,2021-08-13 04:27:44
rikitea,PF,-23.1203,-134.9692,74.28,13.73,14.0,1018.0,83.0,2021-08-13 04:27:45
luderitz,NA,-26.6481,15.1594,51.12,16.64,0.0,1024.0,71.0,2021-08-13 04:24:55
illoqqortoormiut,,,,,,,,,
mwinilunga,ZM,-11.7358,24.4293,54.73,2.91,0.0,1018.0,35.0,2021-08-13 04:27:49
hobyo,SO,5.3505,48.5268,77.38,19.51,48.0,1014.0,81.0,2021-08-13 04:19:54
pevek,RU,69.7008,170.3133,39.61,8.16,100.0,1005.0,100.0,2021-08-13 04:27:52
ushuaia,AR,-54.8,-68.3,42.46,20.71,75.0,994.0,81.0,2021-08-13 04:27:49
vaini,TO,-21.2,-175.2,71.76,12.66,40.0,1018.0,78.0,2021-08-13 04:27:54
longyearbyen,SJ,78.2186,15.6401,42.64,5.75,75.0,1003.0,87.0,2021-08-13 04:27:56
tuktoyaktuk,CA,69.4541,-133.0374,42.8,17.27,90.0,1004.0,100.0,2021-08-13 04:27:57
bredasdorp,ZA,-34.5322,20.0403,40.32,3.44,88.0,1036.0,93.0,2021-08-13 04:27:58
mar del plata,AR,-38.0023,-57.5575,30.22,3.44,0.0,1030.0,100.0,2021-08-13 04:28:00
richards bay,ZA,-28.783,32.0377,60.96,17.78,100.0,1029.0,67.0,2021-08-13 04:28:01
salekhard,RU,66.53,66.6019,59.04,8.08,100.0,1014.0,88.0,2021-08-13 04:24:13
kijang,KR,35.2442,129.2139,82.13,13.4,100.0,1006.0,71.0,2021-08-13 04:26:15
ixtapa,MX,20.7,-105.2,79.23,1.01,57.0,1013.0,87.0,2021-08-13 04:28:05
zwedru,LR,6.0667,-8.1281,70.52,2.62,100.0,1014.0,99.0,2021-08-13 04:28:06
tripoli,LY,32.8752,13.1875,82.69,7.92,0.0,1017.0,65.0,2021-08-13 04:28:04
anadyr,RU,64.75,177.4833,52.3,13.42,0.0,1010.0,71.0,2021-08-13 04:22:34
metro,ID,-5.1131,105.3067,87.33,6.8,61.0,1012.0,55.0,2021-08-13 04:21:43
kansanshi,ZM,-12.0951,26.4273,52.75,3.96,0.0,1019.0,39.0,2021-08-13 04:28:11
butaritari,KI,3.0707,172.7902,81.99,7.74,36.0,1008.0,76.0,2021-08-13 04:28:12
kavaratti,IN,10.5669,72.642,81.81,17.69,99.0,1012.0,78.0,2021-08-13 04:20:14
taolanaro,,,,,,,,,
bambous virieux,MU,-20.3428,57.7575,73.65,11.5,75.0,1023.0,78.0,2021-08-13 04:28:16
kholmogory,RU,64.2229,41.656,64.51,3.02,100.0,1005.0,99.0,2021-08-13 04:28:17
provideniya,RU,64.3833,-173.3,42.91,13.42,75.0,1012.0,70.0,2021-08-13 04:23:07
hermanus,ZA,-34.4187,19.2345,41.81,9.31,10.0,1036.0,74.0,2021-08-13 04:28:20
camacha,PT,33.0833,-16.3333,67.42,9.22,40.0,1021.0,73.0,2021-08-13 04:21:28
palabuhanratu,,,,,,,,,
sorvag,,,,,,,,,
acarau,BR,-2.8856,-40.12,78.28,15.32,8.0,1014.0,82.0,2021-08-13 04:24:37
kodiak,US,57.79,-152.4072,56.71,0.0,20.0,1008.0,72.0,2021-08-13 04:28:25
chokurdakh,RU,70.6333,147.9167,62.96,14.88,92.0,1006.0,56.0,2021-08-13 04:28:27
simbahan,PH,6.3032,120.5836,82.89,1.77,28.0,1010.0,73.0,2021-08-13 04:28:28
lebu,CL,-37.6167,-73.65,45.93,3.58,0.0,1024.0,83.0,2021-08-13 04:20:16
jamestown,US,42.097,-79.2353,71.38,3.0,20.0,1017.0,88.0,2021-08-13 04:28:31
nikolskoye,RU,59.7035,30.7861,60.69,8.81,100.0,1010.0,94.0,2021-08-13 04:19:13
aksu,CN,41.1231,80.2644,84.65,4.9,14.0,1002.0,28.0,2021-08-13 04:22:33
hay river,CA,60.8156,-115.7999,64.38,4.61,40.0,1011.0,59.0,2021-08-13 04:28:34
cabo san lucas,MX,22.8909,-109.9124,82.76,1.99,100.0,1000.0,81.0,2021-08-13 04:23:59
jacqueville,CI,5.2052,-4.4146,76.91,9.4,93.0,1013.0,86.0,2021-08-13 04:28:37
nieuw amsterdam,SR,5.8833,-55.0833,76.01,5.73,94.0,1013.0,93.0,2021-08-13 04:20:22
ponta do sol,PT,32.6667,-17.1,69.26,3.18,7.0,1021.0,80.0,2021-08-13 04:28:39
sechura,PE,-5.5569,-80.8222,64.72,10.89,34.0,1017.0,81.0,2021-08-13 04:23:14
sabang,ID,5.8933,95.3214,81.9,17.07,66.0,1011.0,77.0,2021-08-13 04:21:26
eureka,US,40.8021,-124.1637,56.52,1.77,51.0,1014.0,75.0,2021-08-13 04:23:01
carnarvon,AU,-24.8667,113.6333,75.27,8.05,0.0,1019.0,24.0,2021-08-13 04:28:44
tsihombe,,,,,,,,,
hobart,AU,-42.8794,147.3294,58.86,27.63,75.0,1010.0,47.0,2021-08-13 04:28:47
pangnirtung,CA,66.1451,-65.7125,54.25,9.17,100.0,996.0,88.0,2021-08-13 04:22:17
najran,SA,17.4924,44.1277,77.65,0.45,99.0,1010.0,21.0,2021-08-13 04:28:49
norman wells,CA,65.282,-126.8329,66.24,3.44,75.0,1002.0,68.0,2021-08-13 04:28:50
brunswick,US,41.2381,-81.8418,74.32,1.01,75.0,1016.0,83.0,2021-08-13 04:28:52
barrow,US,71.2906,-156.7887,35.62,11.5,90.0,1007.0,80.0,2021-08-13 04:28:53
gogrial,SS,8.5332,28.1004,70.25,2.55,100.0,1014.0,94.0,2021-08-13 04:28:55
gamba,GA,-2.65,10.0,71.67,4.03,53.0,1014.0,91.0,2021-08-13 04:28:56
qaanaaq,GL,77.484,-69.3632,34.88,3.69,14.0,1017.0,72.0,2021-08-13 04:28:57
samarai,PG,-10.6167,150.6667,79.03,13.87,99.0,1011.0,85.0,2021-08-13 04:27:11
torbay,CA,47.6666,-52.7314,58.6,5.75,90.0,1019.0,86.0,2021-08-13 04:22:23
bobcaygeon,CA,44.5462,-78.542,70.83,4.56,3.0,1013.0,77.0,2021-08-13 04:29:01
saint-philippe,RE,-21.3585,55.7679,72.0,7.18,23.0,1024.0,78.0,2021-08-13 04:19:27
komsomolskiy,UZ,40.4272,71.7189,81.32,6.91,59.0,1008.0,29.0,2021-08-13 04:23:23
bulgan,MN,48.8125,103.5347,65.66,6.15,81.0,1008.0,74.0,2021-08-13 04:29:05
bluff,NZ,-46.6,168.3333,51.8,18.75,13.0,1008.0,75.0,2021-08-13 04:29:06
atuona,PF,-9.8,-139.0333,77.94,15.48,44.0,1014.0,70.0,2021-08-13 04:29:07
iqaluit,CA,63.7506,-68.5145,42.53,0.0,90.0,991.0,100.0,2021-08-13 04:29:09
vila franca do campo,PT,37.7167,-25.4333,72.01,12.08,70.0,1022.0,76.0,2021-08-13 04:20:30
warqla,,,,,,,,,
bengkulu,ID,-3.8004,102.2655,83.35,4.9,100.0,1011.0,64.0,2021-08-13 04:20:48
sungaipenuh,ID,-2.0833,101.3833,78.82,1.66,98.0,1013.0,51.0,2021-08-13 04:29:14
bojnurd,IR,37.4747,57.329,75.15,0.0,0.0,1016.0,41.0,2021-08-13 04:29:15
hudson bay,CA,52.85,-102.3842,50.92,4.14,55.0,1016.0,53.0,2021-08-13 04:29:16
zwettl,AT,48.6,15.1667,56.37,1.99,68.0,1022.0,85.0,2021-08-13 04:29:18
ahipara,NZ,-35.1667,173.1667,57.06,13.02,88.0,1018.0,86.0,2021-08-13 04:29:19
aksarka,RU,66.5606,67.7975,59.85,10.76,100.0,1014.0,85.0,2021-08-13 04:29:20
evans,US,33.5337,-82.1307,77.25,1.01,1.0,1021.0,55.0,2021-08-13 04:28:07
eydhafushi,MV,5.1033,73.0708,82.85,16.75,100.0,1013.0,71.0,2021-08-13 04:29:23
altamont,US,42.2068,-121.7372,84.04,5.75,75.0,1021.0,23.0,2021-08-13 04:29:24
albany,US,42.6001,-73.9662,71.19,3.36,91.0,1012.0,95.0,2021-08-13 04:27:10
akdepe,TM,42.0551,59.3788,78.89,15.55,0.0,1013.0,23.0,2021-08-13 04:29:27
maniitsoq,GL,65.4167,-52.9,46.62,11.16,90.0,1012.0,76.0,2021-08-13 04:29:28
lagoa,PT,39.05,-27.9833,72.95,18.97,28.0,1017.0,82.0,2021-08-13 04:29:30
kaihua,CN,23.3687,104.28,77.49,5.06,100.0,1005.0,73.0,2021-08-13 04:29:31
itacare,BR,-14.2775,-38.9967,69.4,5.93,32.0,1020.0,84.0,2021-08-13 04:29:32
dolbeau,,,,,,,,,
oranjemund,NA,-28.55,16.4333,49.87,13.96,0.0,1028.0,76.0,2021-08-13 04:22:53
brewster,US,41.3973,-73.6171,75.72,0.0,1.0,1016.0,86.0,2021-08-13 04:22:32
east london,ZA,-33.0153,27.9116,49.14,9.22,20.0,1034.0,87.0,2021-08-13 04:29:37
hithadhoo,MV,-0.6,73.0833,80.51,8.9,98.0,1014.0,76.0,2021-08-13 04:29:38
dahuk,IQ,36.8695,42.994,86.74,3.58,0.0,1006.0,21.0,2021-08-13 04:29:09
lompoc,US,34.6391,-120.4579,61.65,5.75,90.0,1015.0,87.0,2021-08-13 04:27:43
bathsheba,BB,13.2167,-59.5167,79.41,10.36,40.0,1013.0,89.0,2021-08-13 04:20:56
goderich,CA,43.7501,-81.7165,77.0,11.5,10.0,1014.0,78.0,2021-08-13 04:19:47
lasa,IT,46.6166,10.7002,63.64,1.43,68.0,1027.0,79.0,2021-08-13 04:29:45
hailar,CN,49.2,119.7,70.7,9.28,5.0,1014.0,50.0,2021-08-13 04:29:46
xichang,CN,27.8964,102.2634,72.99,4.29,99.0,1006.0,88.0,2021-08-13 04:29:48
sibolga,ID,1.7427,98.7792,85.78,4.07,88.0,1012.0,64.0,2021-08-13 04:23:12
faanui,PF,-16.4833,-151.75,79.2,13.76,9.0,1013.0,68.0,2021-08-13 04:29:50
port hedland,AU,-20.3167,118.5667,86.05,9.22,0.0,1017.0,13.0,2021-08-13 04:25:01
madoc,CA,44.5084,-77.4745,69.42,2.17,4.0,1013.0,75.0,2021-08-13 04:29:53
kapaa,US,22.0752,-159.319,80.92,1.99,20.0,1018.0,67.0,2021-08-13 04:29:54
katsuura,JP,35.1333,140.3,73.51,12.3,100.0,1011.0,82.0,2021-08-13 04:29:06
shelui,TZ,-4.3667,34.2,65.55,5.1,65.0,1016.0,62.0,2021-08-13 04:29:57
yagodnoye,RU,62.55,149.6667,78.8,14.67,97.0,1007.0,33.0,2021-08-13 04:29:58
port hardy,CA,50.6996,-127.4199,62.78,4.61,1.0,1016.0,77.0,2021-08-13 04:30:00
kaa-khem,RU,51.6833,94.7333,78.17,3.27,7.0,1007.0,39.0,2021-08-13 04:30:01
cadereyta,MX,25.5833,-99.9833,84.65,16.44,7.0,1015.0,60.0,2021-08-13 04:26:47
faya,SA,18.3851,42.4509,66.72,2.71,55.0,1013.0,32.0,2021-08-13 04:30:05
kalambakion,,,,,,,,,
abu samrah,SY,35.3029,37.1841,80.96,7.87,0.0,1009.0,48.0,2021-08-13 04:30:07
japura,ID,-0.3167,102.35,92.37,3.98,90.0,1010.0,42.0,2021-08-13 04:30:09
mahebourg,MU,-20.4081,57.7,73.69,11.5,75.0,1023.0,78.0,2021-08-13 04:30:10
yellowknife,CA,62.456,-114.3525,55.92,5.75,40.0,1010.0,88.0,2021-08-13 04:30:11
altay,CN,47.8667,88.1167,78.24,9.46,100.0,1006.0,32.0,2021-08-13 04:30:13
burica,,,,,,,,,
koumac,NC,-20.5667,164.2833,71.17,13.8,66.0,1018.0,64.0,2021-08-13 04:30:15
castro,BR,-24.7911,-50.0119,47.03,7.45,100.0,1024.0,98.0,2021-08-13 04:30:17
tucupita,VE,9.0622,-62.051,74.19,1.43,99.0,1012.0,99.0,2021-08-13 04:30:18
onalaska,US,43.8844,-91.2351,64.44,4.61,1.0,1016.0,70.0,2021-08-13 04:30:20
shwebo,MM,22.5667,95.7,86.05,13.29,100.0,1006.0,68.0,2021-08-13 04:30:21
charters towers,AU,-20.1,146.2667,80.31,9.17,23.0,1017.0,33.0,2021-08-13 04:30:22
bokoro,TD,12.3807,17.0568,73.71,4.25,100.0,1014.0,94.0,2021-08-13 04:30:24
paamiut,GL,61.994,-49.6678,44.22,9.66,68.0,1016.0,81.0,2021-08-13 04:30:25
ilulissat,GL,69.2167,-51.1,48.22,5.75,40.0,1009.0,57.0,2021-08-13 04:30:26
atar,MR,20.5169,-13.0499,89.02,11.5,58.0,1009.0,17.0,2021-08-13 04:30:28
kaitangata,NZ,-46.2817,169.8464,52.77,4.94,4.0,1009.0,67.0,2021-08-13 04:21:22
muncar,ID,-8.4333,114.3333,82.09,6.8,89.0,1011.0,74.0,2021-08-13 04:30:30
ovsyanka,RU,55.9575,92.5519,68.97,2.35,67.0,1007.0,52.0,2021-08-13 04:30:32
mutsamudu,,,,,,,,,
tommot,RU,58.9564,126.2925,81.25,1.34,27.0,1011.0,42.0,2021-08-13 04:30:34
pisco,PE,-13.7,-76.2167,59.05,5.75,0.0,1018.0,88.0,2021-08-13 04:30:36
dera bugti,PK,29.0307,69.151,92.14,6.55,4.0,1003.0,43.0,2021-08-13 04:30:37
marsh harbour,BS,26.5412,-77.0636,82.78,11.34,60.0,1018.0,77.0,2021-08-13 04:30:38
avarua,CK,-21.2078,-159.775,64.45,16.11,75.0,1012.0,94.0,2021-08-13 04:30:40
makakilo city,US,21.3469,-158.0858,80.2,8.05,90.0,1017.0,63.0,2021-08-13 04:22:21
amga,RU,60.8953,131.9608,83.77,4.16,16.0,1011.0,39.0,2021-08-13 04:30:42
sitka,US,57.0531,-135.33,64.29,8.05,90.0,1020.0,82.0,2021-08-13 04:21:34
pudozh,RU,61.8099,36.5345,61.3,3.0,100.0,1003.0,99.0,2021-08-13 04:30:45
sayyan,YE,15.1718,44.3244,70.23,4.63,43.0,1014.0,35.0,2021-08-13 04:30:46
vaitupu,,,,,,,,,
toila,EE,59.4236,27.5025,64.4,14.7,49.0,1013.0,77.0,2021-08-13 04:30:49
hasaki,JP,35.7333,140.8333,72.0,8.16,100.0,1011.0,91.0,2021-08-13 04:30:50
saint-augustin,CA,51.226,-58.6502,62.02,4.09,96.0,1015.0,97.0,2021-08-13 04:28:09
havelock,US,34.8791,-76.9013,80.26,8.59,8.0,1020.0,88.0,2021-08-13 04:30:53
roebourne,AU,-20.7833,117.1333,80.74,6.8,0.0,1016.0,20.0,2021-08-13 04:30:54
talnakh,RU,69.4865,88.3972,57.25,6.91,61.0,1016.0,54.0,2021-08-13 04:30:55
codrington,AU,-38.2667,141.9667,57.13,16.64,20.0,1025.0,72.0,2021-08-13 04:30:57
bethel,US,41.3712,-73.414,75.78,0.0,1.0,1015.0,82.0,2021-08-13 04:30:58
cidreira,BR,-30.1811,-50.2056,56.34,7.58,99.0,1028.0,82.0,2021-08-13 04:30:59
arkansas city,US,37.062,-97.0384,81.82,9.22,1.0,1016.0,69.0,2021-08-13 04:31:01
puro,PH,12.4841,123.3827,87.84,3.83,12.0,1008.0,60.0,2021-08-13 04:31:02
port lincoln,AU,-34.7333,135.8667,60.3,13.27,21.0,1028.0,65.0,2021-08-13 04:30:10
erattupetta,IN,9.7,76.7833,79.9,3.98,100.0,1012.0,76.0,2021-08-13 04:31:05
camana,PE,-16.6228,-72.7111,59.85,8.75,26.0,1019.0,88.0,2021-08-13 04:31:06
gore,NZ,-46.1028,168.9436,52.23,3.6,9.0,1009.0,81.0,2021-08-13 04:31:07
kruisfontein,ZA,-34.0033,24.7314,48.31,4.52,92.0,1035.0,80.0,2021-08-13 04:22:51
te anau,NZ,-45.4167,167.7167,49.28,4.54,56.0,1010.0,78.0,2021-08-13 04:26:32
kahului,US,20.8947,-156.47,78.84,18.41,20.0,1016.0,77.0,2021-08-13 04:31:11
praia,CV,14.9215,-23.5087,75.74,14.97,20.0,1012.0,73.0,2021-08-13 04:21:42
itacoatiara,BR,-3.1431,-58.4442,78.21,3.78,37.0,1011.0,61.0,2021-08-13 04:31:14
mys shmidta,,,,,,,,,
the valley,AI,18.217,-63.0578,80.46,19.04,55.0,1015.0,77.0,2021-08-13 04:31:16
shenzhen,CN,22.5455,114.0683,85.06,10.16,99.0,1005.0,82.0,2021-08-13 04:31:18
arman,RU,59.7,150.1667,59.29,6.89,46.0,1012.0,80.0,2021-08-13 04:22:51
guajara-mirim,,,,,,,,,
bend,US,44.0582,-121.3153,81.3,1.99,1.0,1018.0,27.0,2021-08-13 04:28:10
dicabisagan,PH,17.0818,122.4157,86.76,9.84,96.0,1009.0,68.0,2021-08-13 04:31:22
lorengau,PG,-2.0226,147.2712,81.81,8.48,98.0,1009.0,81.0,2021-08-13 04:31:24
olafsvik,IS,64.8945,-23.7142,54.12,8.77,15.0,1010.0,87.0,2021-08-13 04:31:25
olinda,BR,-8.0089,-34.8553,73.13,8.05,75.0,1017.0,88.0,2021-08-13 04:18:35
auki,SB,-8.7676,160.7034,73.62,1.03,100.0,1011.0,95.0,2021-08-13 04:31:28
tuatapere,NZ,-46.1333,167.6833,51.82,3.83,33.0,1009.0,70.0,2021-08-13 04:27:44
mandurah,AU,-32.55,115.7,66.47,9.08,2.0,1024.0,58.0,2021-08-13 04:29:55
vao,NC,-22.6667,167.4833,67.62,17.67,95.0,1020.0,66.0,2021-08-13 04:31:31
kuah,MY,6.3265,99.8432,82.38,4.61,40.0,1011.0,89.0,2021-08-13 04:31:33
cape town,ZA,-33.9258,18.4232,49.98,5.01,0.0,1035.0,74.0,2021-08-13 04:30:20
nemuro,JP,43.3236,145.575,66.63,8.28,31.0,1017.0,70.0,2021-08-13 04:31:35
severo-kurilsk,RU,50.6789,156.125,57.45,6.64,1.0,1016.0,70.0,2021-08-13 04:31:37
san rafael,AR,-34.6177,-68.3301,46.89,5.88,0.0,1023.0,46.0,2021-08-13 04:30:38
zorritos,PE,-3.6805,-80.6782,70.16,4.09,99.0,1015.0,79.0,2021-08-13 04:31:39
pauini,BR,-7.7136,-66.9764,73.2,2.91,3.0,1012.0,54.0,2021-08-13 04:31:41
xai-xai,MZ,-25.0519,33.6442,66.83,21.74,93.0,1025.0,76.0,2021-08-13 04:31:42
camargo,MX,27.6667,-105.1667,69.21,8.19,100.0,1018.0,73.0,2021-08-13 04:31:44
lolua,,,,,,,,,
leningradskiy,RU,69.3833,178.4167,48.16,5.73,100.0,1004.0,65.0,2021-08-13 04:31:47
manuk mangkaw,PH,4.8,119.85,83.5,6.35,78.0,1009.0,73.0,2021-08-13 04:31:48
ketchikan,US,55.3422,-131.6461,63.36,4.79,17.0,1020.0,86.0,2021-08-13 04:31:49
saint george,US,37.1041,-113.5841,89.04,1.99,1.0,1012.0,29.0,2021-08-13 04:31:51
half moon bay,US,37.4636,-122.4286,63.5,0.0,1.0,1016.0,79.0,2021-08-13 04:31:52
terrace bay,CA,48.7834,-87.1,58.62,12.57,50.0,1011.0,70.0,2021-08-13 04:31:54
sinaloa,MX,25.0,-107.5,80.11,1.48,97.0,1011.0,87.0,2021-08-13 04:30:12
barbar,,,,,,,,,
kazalinsk,,,,,,,,,
souillac,MU,-20.5167,57.5167,73.78,11.5,75.0,1023.0,78.0,2021-08-13 04:31:58
tagusao,PH,9.1924,117.8141,87.73,3.24,100.0,1009.0,60.0,2021-08-13 04:32:00
hualmay,PE,-11.0964,-77.6139,61.59,9.93,52.0,1017.0,82.0,2021-08-13 04:25:23
warrnambool,AU,-38.3833,142.4833,58.8,19.3,24.0,1025.0,70.0,2021-08-13 04:18:28
hammerfest,NO,70.6634,23.6821,50.45,4.61,75.0,1011.0,100.0,2021-08-13 04:32:03
victoria,HK,22.2855,114.1577,84.13,1.01,96.0,1006.0,87.0,2021-08-13 04:27:46
santa cruz,BO,-17.8,-63.1667,65.66,16.11,75.0,1021.0,32.0,2021-08-13 04:26:47
balurghat,IN,25.2167,88.7667,85.77,3.4,100.0,1003.0,80.0,2021-08-13 04:32:07
tiksi,RU,71.6872,128.8694,45.41,16.31,99.0,1011.0,75.0,2021-08-13 04:32:08
henties bay,NA,-22.116,14.2845,49.86,5.32,15.0,1019.0,91.0,2021-08-13 04:24:31
galle,LK,6.0367,80.217,81.14,14.05,100.0,1011.0,83.0,2021-08-13 04:32:11
amderma,,,,,,,,,
zemaiciu naumiestis,LT,55.3592,21.7022,61.72,4.79,11.0,1021.0,84.0,2021-08-13 04:32:13
basoko,CD,1.2391,23.616,71.29,4.0,100.0,1014.0,95.0,2021-08-13 04:32:15
zhanatas,,,,,,,,,
porto nacional,BR,-10.7081,-48.4172,73.4,1.83,43.0,1012.0,34.0,2021-08-13 04:32:17
strezhevoy,RU,60.7333,77.5889,64.38,9.69,26.0,1020.0,46.0,2021-08-13 04:32:07
san cristobal,VE,7.7669,-72.225,64.71,2.28,91.0,1017.0,97.0,2021-08-13 04:32:20
tel aviv-yafo,IL,32.0805,34.7805,78.71,4.61,20.0,1009.0,61.0,2021-08-13 04:32:21
karamea,,,,,,,,,
iwakuni,JP,34.15,132.1833,78.22,3.44,90.0,1004.0,83.0,2021-08-13 04:32:24
nouadhibou,MR,20.931,-17.0347,70.12,22.91,20.0,1011.0,85.0,2021-08-13 04:32:25
santarem,BR,-2.4431,-54.7083,75.33,14.97,40.0,1013.0,94.0,2021-08-13 04:32:26
caceres,ES,39.522,-6.3748,70.81,2.15,0.0,1018.0,34.0,2021-08-13 04:32:28
iquique,CL,-20.2208,-70.1431,60.84,4.29,37.0,1019.0,81.0,2021-08-13 04:32:07
illela,NG,13.7292,5.2975,74.34,16.33,100.0,1012.0,87.0,2021-08-13 04:32:30
grand centre,,,,,,,,,
balakhninskiy,RU,58.0106,114.2769,80.17,2.39,55.0,1009.0,53.0,2021-08-13 04:32:33
dano,BF,11.15,-3.0667,71.92,8.97,100.0,1013.0,95.0,2021-08-13 04:32:34
hambantota,LK,6.1241,81.1185,86.34,6.91,20.0,1009.0,70.0,2021-08-13 04:25:20
kidal,ML,18.4411,1.4078,84.31,3.78,97.0,1011.0,41.0,2021-08-13 04:32:37
sri aman,MY,1.2376,111.4621,86.05,3.44,40.0,1011.0,70.0,2021-08-13 04:32:38
sahrak,,,,,,,,,
yar-sale,RU,66.8333,70.8333,58.95,9.51,100.0,1014.0,78.0,2021-08-13 04:32:40
port elizabeth,ZA,-33.918,25.5701,46.69,3.44,40.0,1035.0,93.0,2021-08-13 04:27:45
odweyne,SO,9.4092,45.064,76.6,17.87,13.0,1015.0,45.0,2021-08-13 04:32:43
katobu,ID,-4.9408,122.5276,82.89,9.95,85.0,1010.0,75.0,2021-08-13 04:32:44
aklavik,CA,68.2191,-135.0107,50.83,15.41,100.0,1007.0,89.0,2021-08-13 04:32:46
belaya gora,RU,68.5333,146.4167,67.89,12.3,98.0,1007.0,62.0,2021-08-13 04:27:31
carutapera,BR,-1.195,-46.02,78.39,9.51,100.0,1012.0,88.0,2021-08-13 04:32:48
airai,TL,-8.9266,125.4092,74.88,7.16,62.0,1011.0,47.0,2021-08-13 04:32:50
rizhao,CN,35.4275,119.4553,80.67,9.82,100.0,1007.0,70.0,2021-08-13 04:32:51
ostrowiec swietokrzyski,PL,50.9294,21.3853,55.67,4.21,24.0,1024.0,72.0,2021-08-13 04:32:52
grindavik,IS,63.8424,-22.4338,51.55,13.8,0.0,1008.0,93.0,2021-08-13 04:29:12
kalmunai,LK,7.4167,81.8167,85.62,2.55,100.0,1009.0,63.0,2021-08-13 04:32:55
vanimo,PG,-2.6741,141.3028,84.22,8.41,100.0,1008.0,70.0,2021-08-13 04:32:56
nandu,CN,22.8525,110.8233,90.18,8.1,83.0,1004.0,65.0,2021-08-13 04:32:57
port blair,IN,11.6667,92.75,78.84,4.61,90.0,1009.0,89.0,2021-08-13 04:32:59
balabac,PH,7.9868,117.0645,86.04,9.89,100.0,1010.0,68.0,2021-08-13 04:24:13
korla,CN,41.7597,86.1469,91.85,6.2,57.0,1001.0,19.0,2021-08-13 04:33:01
cap-haitien,HT,19.7578,-72.2042,79.23,2.53,99.0,1016.0,75.0,2021-08-13 04:33:03
ucluelet,CA,48.9329,-125.5528,80.04,4.36,13.0,1014.0,75.0,2021-08-13 04:33:04
srivardhan,IN,18.0333,73.0167,83.62,4.72,94.0,1010.0,70.0,2021-08-13 04:33:05
san quintin,MX,30.4833,-115.95,72.61,5.37,0.0,1015.0,77.0,2021-08-13 04:33:07
diapaga,BF,12.0708,1.7889,71.31,5.46,100.0,1013.0,97.0,2021-08-13 04:33:08
yarada,IN,17.65,83.2667,89.92,11.5,75.0,1005.0,66.0,2021-08-13 04:33:10
skalistyy,,,,,,,,,
tasiilaq,GL,65.6145,-37.6368,44.76,4.54,100.0,1015.0,70.0,2021-08-13 04:33:12
scottsburgh,,,,,,,,,
san policarpo,PH,12.1791,125.5072,86.05,5.23,99.0,1008.0,63.0,2021-08-13 04:33:15
khani,GE,41.9563,42.9566,63.97,1.95,78.0,1017.0,93.0,2021-08-13 04:33:16
ostrovnoy,RU,68.0531,39.5131,61.7,2.06,100.0,1010.0,68.0,2021-08-13 04:33:17
madison,US,34.7334,-86.5667,74.89,5.01,1.0,1019.0,89.0,2021-08-13 04:28:56
jaltenango,MX,15.8719,-92.7247,69.48,1.23,100.0,1017.0,94.0,2021-08-13 04:33:20
arraial do cabo,BR,-22.9661,-42.0278,68.16,20.18,100.0,1023.0,82.0,2021-08-13 04:33:21
zhigansk,RU,66.7697,123.3711,73.24,8.48,100.0,1010.0,36.0,2021-08-13 04:33:23
cairns,AU,-16.9167,145.7667,79.9,19.57,90.0,1015.0,67.0,2021-08-13 04:29:30
great falls,US,47.5002,-111.3008,67.53,11.5,1.0,1023.0,42.0,2021-08-13 04:33:25
havre-saint-pierre,CA,50.2334,-63.5986,66.56,4.61,90.0,1011.0,94.0,2021-08-13 04:24:42
bafata,GW,12.1667,-14.75,73.65,4.52,100.0,1011.0,97.0,2021-08-13 04:33:28
yarmouth,US,41.7057,-70.2286,75.69,7.0,75.0,1015.0,87.0,2021-08-13 04:33:29
lushunkou,,,,,,,,,
belushya guba,,,,,,,,,
port augusta,AU,-32.5,137.7667,64.71,5.08,0.0,1028.0,43.0,2021-08-13 04:33:33
huixtla,MX,15.15,-92.4667,74.88,4.27,100.0,1016.0,93.0,2021-08-13 04:33:34
nedjo,ET,9.5046,35.5019,60.1,0.72,58.0,1018.0,94.0,2021-08-13 04:33:36
skelleftea,SE,64.7507,20.9528,64.0,3.44,34.0,1012.0,62.0,2021-08-13 04:33:37
meulaboh,ID,4.1363,96.1285,81.7,8.66,95.0,1012.0,75.0,2021-08-13 04:24:14
fairbanks,US,64.8378,-147.7164,55.56,1.01,75.0,1005.0,85.0,2021-08-13 04:29:25
huntsville,US,34.7304,-86.5861,75.33,5.01,1.0,1019.0,89.0,2021-08-13 04:28:50
samusu,,,,,,,,,
monrovia,LR,6.3005,-10.7969,76.77,12.91,100.0,1013.0,86.0,2021-08-13 04:30:46
acoyapa,NI,11.9703,-85.1711,73.98,4.63,100.0,1015.0,92.0,2021-08-13 04:33:45
sao joao da barra,BR,-21.6403,-41.0511,69.42,9.71,65.0,1022.0,86.0,2021-08-13 04:33:46
esso,RU,55.9333,158.7,70.0,3.38,34.0,1012.0,47.0,2021-08-13 04:26:58
eyemouth,GB,55.8713,-2.0901,50.07,15.9,82.0,1011.0,85.0,2021-08-13 04:33:49
zakamensk,RU,50.3741,103.2863,67.89,1.3,97.0,1008.0,80.0,2021-08-13 04:33:50
bukama,CD,-9.2,25.85,66.97,3.42,0.0,1015.0,33.0,2021-08-13 04:33:51
lata,PT,40.1629,-8.3327,61.36,2.35,6.0,1019.0,88.0,2021-08-13 04:24:00
waipawa,NZ,-41.4122,175.5153,45.43,6.29,98.0,1012.0,89.0,2021-08-13 04:33:54
duliagaon,IN,27.3667,95.3167,84.07,3.09,100.0,1005.0,99.0,2021-08-13 04:33:56
haines junction,CA,60.7522,-137.5108,57.15,9.22,100.0,1010.0,72.0,2021-08-13 04:33:57
muroto,JP,33.2833,134.15,78.84,31.65,100.0,1007.0,90.0,2021-08-13 04:33:58
sioux lookout,CA,50.1001,-91.917,51.87,8.05,90.0,1013.0,87.0,2021-08-13 04:34:00
necochea,AR,-38.5473,-58.7368,37.83,9.8,0.0,1029.0,81.0,2021-08-13 04:34:01
rocha,UY,-34.4833,-54.3333,38.35,4.23,0.0,1031.0,93.0,2021-08-13 04:34:02
barentsburg,,,,,,,,,
san carlos de bariloche,AR,-41.1456,-71.3082,28.15,3.44,0.0,1023.0,74.0,2021-08-13 04:34:05
agadez,NE,19.75,10.25,81.21,5.26,1.0,1012.0,55.0,2021-08-13 04:33:57
noumea,NC,-22.2763,166.4572,75.18,18.61,78.0,1019.0,64.0,2021-08-13 04:32:04
upata,VE,8.0086,-62.3989,70.65,1.57,100.0,1013.0,97.0,2021-08-13 04:34:09
buta,CD,2.7858,24.73,68.68,0.94,95.0,1015.0,99.0,2021-08-13 04:34:10
broken hill,AU,-31.95,141.4333,60.51,5.75,40.0,1028.0,44.0,2021-08-13 04:34:12
peniche,PT,39.3558,-9.3811,64.26,11.65,14.0,1019.0,96.0,2021-08-13 04:34:13
obsharovka,RU,53.125,48.8531,80.76,16.78,16.0,1017.0,25.0,2021-08-13 04:34:14
phrai bung,,,,,,,,,
kavieng,PG,-2.5744,150.7967,82.18,10.0,100.0,1008.0,77.0,2021-08-13 04:34:17
hami,CN,42.8,93.45,95.63,4.99,45.0,1000.0,12.0,2021-08-13 04:34:18
cherskiy,RU,68.75,161.3,62.29,6.17,99.0,1006.0,67.0,2021-08-13 04:34:20
dzhusaly,,,,,,,,,
sindhnur,IN,15.7833,76.7667,84.16,12.66,100.0,1010.0,56.0,2021-08-13 04:34:22
aykhal,RU,66.0,111.5,57.88,13.18,100.0,1012.0,83.0,2021-08-13 04:33:15
attawapiskat,,,,,,,,,
bambanglipuro,ID,-7.95,110.2833,81.88,13.51,84.0,1011.0,72.0,2021-08-13 04:34:26
marcona,,,,,,,,,
tura,IN,25.5198,90.2201,77.47,7.16,100.0,1005.0,92.0,2021-08-13 04:34:28
mouila,GA,-1.8685,11.0559,70.93,0.72,68.0,1014.0,87.0,2021-08-13 04:34:30
trapani,IT,37.8333,12.6667,74.43,1.14,0.0,1018.0,83.0,2021-08-13 04:34:31
naze,JP,28.3667,129.4833,85.12,18.41,98.0,1009.0,80.0,2021-08-13 04:34:32
portland,US,45.5234,-122.6762,88.11,1.99,75.0,1011.0,48.0,2021-08-13 04:31:47
khatanga,RU,71.9667,102.5,56.07,10.2,99.0,1015.0,59.0,2021-08-13 04:34:35
merrill,US,45.1805,-89.6835,58.24,0.0,1.0,1016.0,80.0,2021-08-13 04:34:36
sladkovo,RU,55.5284,70.3385,61.99,12.48,76.0,1022.0,53.0,2021-08-13 04:34:38
castenaso,IT,44.5089,11.4698,74.71,2.3,0.0,1019.0,70.0,2021-08-13 04:34:39
leeton,AU,-34.5667,146.4,60.85,8.05,75.0,1027.0,55.0,2021-08-13 04:34:40
kilindoni,TZ,-7.9139,39.6668,76.42,10.56,1.0,1019.0,72.0,2021-08-13 04:34:42
phnum penh,,,,,,,,,
northam,GB,51.0333,-4.2167,60.51,12.01,100.0,1019.0,93.0,2021-08-13 04:34:44
santa vitoria do palmar,BR,-33.5189,-53.3681,43.56,4.92,2.0,1031.0,88.0,2021-08-13 04:34:46
pachino,IT,36.7186,15.0907,75.24,4.72,0.0,1018.0,62.0,2021-08-13 04:34:47
ban dung,TH,17.699,103.2596,87.82,7.2,100.0,1007.0,86.0,2021-08-13 04:34:48
diamantino,BR,-14.4086,-56.4461,64.53,4.18,8.0,1016.0,63.0,2021-08-13 04:34:50
surt,LY,31.2089,16.5887,81.18,9.8,0.0,1016.0,82.0,2021-08-13 04:34:51
margate,GB,51.3813,1.3862,57.2,1.99,60.0,1021.0,90.0,2021-08-13 04:34:52
plouzane,FR,48.3833,-4.6167,56.16,5.75,0.0,1023.0,94.0,2021-08-13 04:33:42
takayama,JP,36.1333,137.25,63.5,3.49,100.0,1011.0,98.0,2021-08-13 04:34:55
moyo,UG,3.6609,31.7247,65.48,1.74,8.0,1015.0,95.0,2021-08-13 04:34:56
sangar,RU,63.9242,127.4739,77.09,10.42,16.0,1011.0,30.0,2021-08-13 04:27:22
san-pedro,CI,4.7485,-6.6363,75.43,8.28,92.0,1014.0,84.0,2021-08-13 04:34:59
meyungs,,,,,,,,,
alta floresta,BR,-9.8756,-56.0861,70.45,4.61,62.0,1012.0,40.0,2021-08-13 04:35:01
baraki barak,AF,33.9675,68.9486,79.86,2.46,0.0,1006.0,20.0,2021-08-13 04:35:04
vrangel,RU,42.7297,133.0839,67.48,15.01,100.0,1013.0,70.0,2021-08-13 04:31:18
severodvinsk,RU,64.5635,39.8302,64.51,11.1,100.0,1005.0,98.0,2021-08-13 04:35:07
mana,GF,5.6592,-53.7767,76.77,8.19,98.0,1013.0,90.0,2021-08-13 04:35:08
lawigan,PH,10.487,122.0354,87.58,4.34,59.0,1008.0,64.0,2021-08-13 04:35:10
sabancuy,MX,18.9667,-91.1833,80.22,9.55,48.0,1015.0,86.0,2021-08-13 04:35:11
algiers,DZ,36.7525,3.042,75.02,5.75,20.0,1017.0,83.0,2021-08-13 04:34:30
sistranda,NO,63.7256,8.834,58.96,5.37,100.0,1012.0,88.0,2021-08-13 04:35:13
itaituba,BR,-4.2761,-55.9836,75.24,2.3,45.0,1011.0,65.0,2021-08-13 04:35:15
san francisco,US,37.7749,-122.4194,61.54,1.01,40.0,1015.0,84.0,2021-08-13 04:30:59
karratha,AU,-20.7377,116.8463,80.89,6.98,0.0,1016.0,20.0,2021-08-13 04:35:17
nizhneyansk,,,,,,,,,
alofi,NU,-19.0595,-169.9187,71.49,8.05,82.0,1015.0,83.0,2021-08-13 04:35:20
banff,CA,51.1762,-115.5698,68.74,6.91,26.0,1022.0,35.0,2021-08-13 04:35:21
yankton,US,42.8711,-97.3973,62.85,3.44,1.0,1020.0,59.0,2021-08-13 04:35:22
mount gambier,AU,-37.8333,140.7667,60.71,16.11,40.0,1026.0,59.0,2021-08-13 04:35:24
quatre cocos,MU,-20.2078,57.7625,74.08,11.14,29.0,1023.0,76.0,2021-08-13 04:35:25
derzhavinsk,KZ,51.1,66.3167,65.75,15.41,6.0,1021.0,42.0,2021-08-13 04:35:26
dien bien,,,,,,,,,
saldanha,ZA,-33.0117,17.9442,42.85,12.91,0.0,1034.0,73.0,2021-08-13 04:35:29
hamilton,US,39.1834,-84.5333,76.87,1.01,1.0,1017.0,80.0,2021-08-13 04:30:39
ulladulla,AU,-35.35,150.4667,64.54,5.99,1.0,1022.0,48.0,2021-08-13 04:35:31
umzimvubu,,,,,,,,,
jalu,LY,29.0331,21.5482,82.22,13.18,0.0,1011.0,50.0,2021-08-13 04:35:34
santa marta,CO,11.2408,-74.199,84.97,8.97,84.0,1010.0,75.0,2021-08-13 04:31:53
xam nua,LA,20.4197,104.0439,74.98,3.94,100.0,1007.0,85.0,2021-08-13 04:35:36
eldikan,,,,,,,,,
narsaq,GL,60.9167,-46.05,48.42,1.16,76.0,1017.0,77.0,2021-08-13 04:35:39
deputatskiy,RU,69.3,139.9,61.68,19.24,99.0,1008.0,52.0,2021-08-13 04:26:55
america dourada,BR,-11.4553,-41.4361,61.72,10.58,39.0,1019.0,88.0,2021-08-13 04:35:41
madaoua,NE,14.073,5.96,75.54,9.08,100.0,1010.0,82.0,2021-08-13 04:34:44
minggang,CN,32.4586,114.0486,68.58,10.04,100.0,1007.0,95.0,2021-08-13 04:35:44
udachnyy,RU,66.4167,112.4,60.94,11.41,100.0,1012.0,75.0,2021-08-13 04:35:45
rawson,AR,-43.3002,-65.1023,50.32,9.53,0.0,1016.0,36.0,2021-08-13 04:35:46
teahupoo,PF,-17.8333,-149.2667,73.36,17.65,26.0,1015.0,80.0,2021-08-13 04:33:14
akureyri,IS,65.6835,-18.0878,49.93,5.75,90.0,1010.0,87.0,2021-08-13 04:35:49
mocambique,,,,,,,,,
anda,CN,46.4,125.3167,66.4,6.73,100.0,1011.0,80.0,2021-08-13 04:35:51
slawno,PL,54.3628,16.6789,62.2,6.76,42.0,1020.0,69.0,2021-08-13 04:35:53
yagoua,CM,10.3411,15.2329,69.37,3.71,100.0,1014.0,95.0,2021-08-13 04:35:54
nanortalik,GL,60.1432,-45.2371,44.64,6.15,71.0,1018.0,82.0,2021-08-13 04:35:55
rio grande,BR,-32.035,-52.0986,50.49,7.54,99.0,1030.0,82.0,2021-08-13 04:35:57
biak,ID,-0.9131,122.8766,82.99,6.85,44.0,1010.0,70.0,2021-08-13 04:35:58
hornepayne,CA,49.2138,-84.7705,52.56,9.01,61.0,1010.0,71.0,2021-08-13 04:35:59
husavik,IS,66.0449,-17.3389,49.91,2.55,16.0,1010.0,92.0,2021-08-13 04:36:01
priiskovyy,RU,51.9333,116.6333,69.93,3.4,48.0,1014.0,62.0,2021-08-13 04:36:02
winnemucca,US,40.973,-117.7357,87.85,4.61,1.0,1017.0,15.0,2021-08-13 04:32:00
bonavista,CA,48.6499,-53.1147,59.0,11.99,100.0,1020.0,85.0,2021-08-13 04:36:05
college,US,64.8569,-147.8028,55.13,3.44,75.0,1005.0,87.0,2021-08-13 04:36:06
muros,ES,42.7762,-9.0603,61.21,7.58,5.0,1020.0,91.0,2021-08-13 04:36:07
yola,NG,9.2,12.4833,69.87,1.59,95.0,1014.0,97.0,2021-08-13 04:36:09
vilyuysk,RU,63.7553,121.6247,81.54,4.38,44.0,1010.0,33.0,2021-08-13 04:36:10
gangotri,,,,,,,,,
asyut,EG,27.181,31.1837,78.98,3.6,0.0,1010.0,28.0,2021-08-13 04:36:12
ormara,PK,25.2088,64.6357,80.82,12.08,96.0,1005.0,77.0,2021-08-13 04:36:14
raymond,US,43.9015,-70.4703,74.68,3.74,63.0,1012.0,87.0,2021-08-13 04:36:15
yanan,,,,,,,,,
houma,US,29.5958,-90.7195,73.87,1.01,88.0,1019.0,97.0,2021-08-13 04:36:14
vardo,NO,70.3705,31.1107,53.8,4.79,100.0,1012.0,91.0,2021-08-13 04:36:19
tambul,,,,,,,,,
keetmanshoop,NA,-26.5833,18.1333,38.32,1.14,0.0,1027.0,87.0,2021-08-13 04:36:21
lavrentiya,RU,65.5833,-171.0,43.93,11.21,65.0,1012.0,67.0,2021-08-13 04:36:23
umm kaddadah,SD,13.6017,26.6876,81.19,9.28,70.0,1013.0,61.0,2021-08-13 04:36:24
nikolayevskaya,RU,47.6139,41.5023,74.62,8.32,91.0,1013.0,55.0,2021-08-13 04:36:25
miri,MY,4.4148,114.0089,86.14,6.91,40.0,1010.0,70.0,2021-08-13 04:36:27
warangal,IN,18.0,79.5833,89.55,12.8,84.0,1007.0,53.0,2021-08-13 04:36:28
urusha,RU,54.05,122.9,77.95,2.62,9.0,1013.0,35.0,2021-08-13 04:36:29
la ronge,CA,55.1001,-105.2842,50.25,2.3,1.0,1017.0,71.0,2021-08-13 04:36:31
kuche,,,,,,,,,
oriximina,BR,-1.7656,-55.8661,76.48,4.54,89.0,1012.0,80.0,2021-08-13 04:36:33
sydney,AU,-33.8679,151.2073,67.33,1.99,0.0,1024.0,41.0,2021-08-13 04:24:24
tongzi,CN,28.7829,105.0877,71.64,5.06,100.0,1005.0,97.0,2021-08-13 04:36:36
jatoi,,,,,,,,,
coihaique,CL,-45.5752,-72.0662,42.75,5.75,0.0,1020.0,75.0,2021-08-13 04:27:34
juneau,US,58.3019,-134.4197,60.22,1.99,90.0,1018.0,96.0,2021-08-13 04:36:39
beloha,MG,-25.1667,45.05,64.45,4.56,0.0,1022.0,76.0,2021-08-13 04:36:41
sao miguel do araguaia,BR,-13.275,-50.1628,74.07,4.25,59.0,1013.0,30.0,2021-08-13 04:36:42
forbes,AU,-33.3833,148.0167,58.35,9.64,22.0,1026.0,52.0,2021-08-13 04:36:43
farafangana,MG,-22.8167,47.8333,67.62,3.67,1.0,1022.0,80.0,2021-08-13 04:36:45
alekseyevsk,RU,57.8406,108.3492,87.21,3.51,0.0,1006.0,29.0,2021-08-13 04:36:46
inuvik,CA,68.3499,-133.7218,50.81,6.91,90.0,1004.0,96.0,2021-08-13 04:36:41
rio gallegos,AR,-51.6226,-69.2181,39.25,11.5,0.0,1005.0,81.0,2021-08-13 04:36:49
leh,IN,34.1667,77.5833,65.98,5.1,12.0,1007.0,37.0,2021-08-13 04:36:50
boguchany,RU,58.3814,97.4531,77.94,5.97,47.0,1007.0,46.0,2021-08-13 04:36:51
paucartambo,,,,,,,,,
plettenberg bay,ZA,-34.0527,23.3716,50.45,3.11,78.0,1036.0,78.0,2021-08-13 04:36:54
amazar,RU,53.858,120.875,75.65,3.51,68.0,1014.0,39.0,2021-08-13 04:36:55
chabahar,IR,25.2919,60.643,82.89,10.42,24.0,1004.0,74.0,2021-08-13 04:36:56
sillamae,EE,59.3997,27.7547,64.2,13.2,66.0,1013.0,79.0,2021-08-13 04:36:58
sorland,NO,67.667,12.6934,53.67,3.09,100.0,1013.0,84.0,2021-08-13 04:36:59
sao filipe,CV,14.8961,-24.4956,75.88,13.87,41.0,1013.0,76.0,2021-08-13 04:37:00
mecca,SA,21.4267,39.8261,93.92,5.03,49.0,1007.0,21.0,2021-08-13 04:37:02
virginia beach,US,36.8529,-75.978,82.33,9.22,1.0,1018.0,79.0,2021-08-13 04:30:03
esperance,AU,-33.8667,121.9,64.24,7.34,2.0,1024.0,50.0,2021-08-13 04:37:04
saint anthony,US,45.0205,-93.218,63.23,1.01,1.0,1016.0,60.0,2021-08-13 04:37:05
touros,BR,-5.1989,-35.4608,70.7,10.85,1.0,1015.0,85.0,2021-08-13 04:37:07
san patricio,US,28.017,-97.5169,83.17,10.92,24.0,1017.0,71.0,2021-08-13 04:37:08
alice springs,AU,-23.7,133.8833,63.95,14.97,0.0,1025.0,22.0,2021-08-13 04:37:10
ostroleka,PL,53.0862,21.5757,52.29,3.62,11.0,1023.0,79.0,2021-08-13 04:37:11
fortuna,US,40.5982,-124.1573,55.0,0.0,90.0,1016.0,92.0,2021-08-13 04:34:00
tautira,PF,-17.7333,-149.15,78.82,17.07,24.0,1015.0,80.0,2021-08-13 04:37:13
worcester,US,42.3334,-71.8328,71.01,9.22,1.0,1014.0,91.0,2021-08-13 04:35:41
torzhok,RU,57.0436,34.9622,58.6,13.06,99.0,1011.0,88.0,2021-08-13 04:37:16
guerrero negro,MX,27.9769,-114.0611,78.01,12.28,5.0,1015.0,77.0,2021-08-13 04:36:06
zemio,CF,5.0314,25.1361,69.53,2.46,93.0,1015.0,97.0,2021-08-13 04:37:18
klaksvik,FO,62.2266,-6.589,52.72,12.41,88.0,1005.0,95.0,2021-08-13 04:37:20
ismailia,EG,30.6043,32.2723,81.16,4.79,0.0,1010.0,56.0,2021-08-13 04:37:21
batemans bay,AU,-35.7167,150.1833,62.15,6.73,1.0,1022.0,52.0,2021-08-13 04:37:22
ocos,GT,14.5094,-92.1933,75.63,3.58,89.0,1014.0,76.0,2021-08-13 04:37:24
mareeba,AU,-17.0,145.4333,77.41,8.79,62.0,1015.0,63.0,2021-08-13 04:32:45
cockburn town,TC,21.4612,-71.1419,82.42,22.5,100.0,1016.0,81.0,2021-08-13 04:37:26
itirapina,BR,-22.2528,-47.8228,55.29,12.28,53.0,1021.0,90.0,2021-08-13 04:37:27
mehamn,NO,71.0357,27.8492,51.75,8.05,75.0,1011.0,87.0,2021-08-13 04:37:29
dawlatabad,AF,36.4141,64.9053,93.34,9.22,0.0,1008.0,16.0,2021-08-13 04:37:51
buin,CL,-33.7333,-70.75,38.41,1.59,0.0,1022.0,83.0,2021-08-13 04:37:52
muriti,TZ,-1.9833,32.9167,73.96,4.27,45.0,1014.0,67.0,2021-08-13 04:37:54
halalo,,,,,,,,,
dawei,MM,14.0833,98.2,85.42,7.72,100.0,1010.0,72.0,2021-08-13 04:37:56
dubrovka,RU,53.6907,33.5071,57.18,9.57,68.0,1018.0,84.0,2021-08-13 04:37:58
saint-francois,FR,46.4154,3.9054,60.37,1.14,0.0,1022.0,99.0,2021-08-13 04:37:59
bulungu,CD,-4.55,18.6,73.63,3.6,69.0,1013.0,67.0,2021-08-13 04:38:00
sainte-marie,RE,-20.8968,55.5496,72.88,5.75,0.0,1022.0,81.0,2021-08-13 04:38:02
inverell,AU,-29.7833,151.1167,67.1,3.0,58.0,1025.0,72.0,2021-08-13 04:38:03
izhma,RU,65.0083,53.9113,59.9,6.53,100.0,1012.0,90.0,2021-08-13 04:38:04
beringovskiy,RU,63.05,179.3167,51.17,13.8,65.0,1012.0,74.0,2021-08-13 04:38:06
sorong,ID,-0.8833,131.25,82.92,2.91,19.0,1008.0,72.0,2021-08-13 04:38:07
hastings,GB,50.8552,0.5729,57.45,10.78,81.0,1021.0,99.0,2021-08-13 04:38:08
namatanai,PG,-3.6667,152.4333,83.7,10.36,100.0,1008.0,72.0,2021-08-13 04:38:10
geraldton,AU,-28.7667,114.6,66.61,17.27,0.0,1020.0,52.0,2021-08-13 04:38:11
kirakira,SB,-10.4544,161.9205,78.66,7.9,99.0,1011.0,88.0,2021-08-13 04:38:12
beira,MZ,-19.8436,34.8389,66.29,5.75,20.0,1018.0,94.0,2021-08-13 04:38:14
alexandria,EG,31.2156,29.9553,82.36,6.91,20.0,1009.0,78.0,2021-08-13 04:36:13
pokosnoye,RU,55.5258,101.0536,68.67,4.07,100.0,1009.0,67.0,2021-08-13 04:38:16
panama city,PA,8.9936,-79.5197,78.62,2.3,20.0,1014.0,96.0,2021-08-13 04:38:18
tilichiki,RU,60.4667,166.1,61.88,8.75,22.0,1012.0,64.0,2021-08-13 04:38:19
vrable,SK,48.2437,18.3085,67.15,8.9,98.0,1022.0,53.0,2021-08-13 04:38:20
bonthe,SL,7.5264,-12.505,76.5,9.28,100.0,1012.0,88.0,2021-08-13 04:38:22
urumqi,CN,43.801,87.6005,76.15,2.24,0.0,1010.0,41.0,2021-08-13 04:38:23
erdaojiang,CN,41.7764,126.0319,71.91,4.74,68.0,1008.0,79.0,2021-08-13 04:38:25
wonthaggi,AU,-38.6044,145.5913,59.0,17.56,65.0,1024.0,70.0,2021-08-13 04:38:26
comodoro rivadavia,AR,-45.8667,-67.5,57.06,4.61,0.0,1014.0,28.0,2021-08-13 04:37:13
shadrinsk,RU,56.0852,63.6335,67.73,2.1,99.0,1025.0,44.0,2021-08-13 04:38:29
baijiantan,CN,45.6333,85.1833,85.44,21.23,100.0,1005.0,27.0,2021-08-13 04:38:30
saskylakh,RU,71.9167,114.0833,49.12,9.04,100.0,1013.0,66.0,2021-08-13 04:38:32
arlit,NE,18.7369,7.3853,82.08,7.9,41.0,1012.0,60.0,2021-08-13 04:38:33
ancud,CL,-41.8697,-73.8203,45.93,3.4,0.0,1025.0,91.0,2021-08-13 04:38:34
lac du bonnet,CA,50.2536,-96.0612,47.66,5.66,27.0,1016.0,74.0,2021-08-13 04:38:36
nishihara,JP,26.1842,127.7558,86.72,16.11,75.0,1010.0,76.0,2021-08-13 04:38:37
kerema,PG,-7.9631,145.7785,81.77,10.54,100.0,1008.0,79.0,2021-08-13 04:38:38
lulea,SE,65.5842,22.1547,57.27,1.14,0.0,1011.0,82.0,2021-08-13 04:38:40
garhi khairo,PK,28.0606,67.9803,98.42,6.13,7.0,1000.0,39.0,2021-08-13 04:38:41
saleaula,,,,,,,,,
badarwas,IN,24.9667,77.5667,82.65,13.53,100.0,1006.0,69.0,2021-08-13 04:38:43
antalaha,MG,-14.9003,50.2788,72.54,4.52,2.0,1021.0,71.0,2021-08-13 04:38:45
dunmore town,BS,25.5,-76.65,84.29,14.74,49.0,1017.0,73.0,2021-08-13 04:38:46
kalas,IN,18.1667,74.8,82.78,13.4,100.0,1010.0,57.0,2021-08-13 04:38:47
wanning,CN,18.8003,110.3967,86.47,11.25,100.0,1005.0,71.0,2021-08-13 04:38:49
mikkeli,FI,61.6886,27.2723,60.91,5.75,0.0,1012.0,88.0,2021-08-13 04:38:50
matara,LK,5.9485,80.5353,83.08,14.34,100.0,1011.0,74.0,2021-08-13 04:38:51
qurayyat,SA,31.3318,37.3428,68.18,2.3,0.0,1011.0,68.0,2021-08-13 04:38:53
karaton,ID,-6.3424,106.1045,84.36,3.53,27.0,1011.0,53.0,2021-08-13 04:38:54
parabel,RU,58.6978,81.4825,59.41,13.18,84.0,1015.0,56.0,2021-08-13 04:38:56
vila velha,BR,-20.3297,-40.2925,67.95,3.44,40.0,1022.0,100.0,2021-08-13 04:38:57
omaruru,NA,-21.4333,15.9333,51.12,3.24,0.0,1018.0,45.0,2021-08-13 04:38:58
pangody,RU,65.85,74.4859,67.78,14.54,100.0,1015.0,49.0,2021-08-13 04:39:00
lermontovka,RU,47.1453,134.3383,79.88,2.06,7.0,1012.0,39.0,2021-08-13 04:39:01
baykit,RU,61.67,96.37,67.84,4.97,96.0,1008.0,67.0,2021-08-13 04:39:02
kozhevnikovo,RU,56.2589,83.9714,51.26,11.16,93.0,1012.0,78.0,2021-08-13 04:39:04
saint-paul,RE,-21.0096,55.2707,72.63,1.5,3.0,1024.0,68.0,2021-08-13 04:39:05
zabol,AF,32.25,67.25,82.98,9.15,0.0,1006.0,7.0,2021-08-13 04:39:06
ji-parana,,,,,,,,,
sovetskiy,RU,61.3614,63.5842,66.45,7.74,100.0,1021.0,51.0,2021-08-13 04:39:09
maragogi,BR,-9.0122,-35.2225,72.63,7.94,38.0,1017.0,87.0,2021-08-13 04:39:10
ayan,RU,56.45,138.1667,67.84,1.32,99.0,1011.0,64.0,2021-08-13 04:39:12
zhemtala,RU,43.2841,43.6559,71.24,1.03,81.0,1014.0,66.0,2021-08-13 04:39:13
yamada,JP,39.4667,141.95,67.03,9.28,100.0,1013.0,94.0,2021-08-13 04:39:14
hirara,JP,24.8,125.2833,84.47,20.71,75.0,1008.0,79.0,2021-08-13 04:39:16
ust-kamchatsk,,,,,,,,,
tateyama,JP,34.9833,139.8667,75.47,13.49,100.0,1011.0,84.0,2021-08-13 04:39:18
caravelas,BR,-17.7125,-39.2481,68.45,3.22,10.0,1021.0,89.0,2021-08-13 04:39:19
cacu,BR,-18.5567,-51.1308,69.21,2.28,0.0,1016.0,35.0,2021-08-13 04:35:40
newport,GB,51.5877,-2.9984,59.13,13.98,100.0,1019.0,89.0,2021-08-13 04:39:22
calvia,ES,39.5657,2.5062,75.2,6.35,2.0,1018.0,75.0,2021-08-13 04:39:23
stornoway,GB,58.2093,-6.3865,55.36,14.97,90.0,1003.0,94.0,2021-08-13 04:39:25
abnub,EG,27.2696,31.1511,79.02,3.04,0.0,1010.0,28.0,2021-08-13 04:39:26
hovd,MN,48.0056,91.6419,75.74,5.5,90.0,1004.0,27.0,2021-08-13 04:39:27
falealupo,,,,,,,,,
miles city,US,46.4083,-105.8406,67.17,6.91,1.0,1023.0,37.0,2021-08-13 04:39:30
zyryanka,RU,65.75,150.85,77.77,6.46,60.0,1007.0,39.0,2021-08-13 04:39:31
neepawa,CA,50.2289,-99.4664,46.8,4.14,8.0,1018.0,59.0,2021-08-13 04:35:37
tual,ID,-5.6667,132.75,81.12,17.25,65.0,1009.0,81.0,2021-08-13 04:39:34
thomastown,IE,52.5267,-7.1372,54.57,9.48,98.0,1015.0,86.0,2021-08-13 04:39:35
mundo nuevo,MX,18.7,-95.5,80.89,5.57,42.0,1016.0,75.0,2021-08-13 04:39:36
ngunguru,NZ,-35.6167,174.5,58.15,8.43,88.0,1017.0,83.0,2021-08-13 04:39:38
neiafu,TO,-18.65,-173.9833,74.08,4.61,75.0,1015.0,83.0,2021-08-13 04:39:39
namie,JP,37.4833,141.0,70.14,7.2,100.0,1009.0,94.0,2021-08-13 04:39:40
boyabat,TR,41.4689,34.7667,71.6,3.83,3.0,1019.0,76.0,2021-08-13 04:39:42
calama,CL,-22.4667,-68.9333,43.29,17.27,0.0,1029.0,15.0,2021-08-13 04:39:43
george town,MY,5.4112,100.3354,85.95,8.05,20.0,1010.0,74.0,2021-08-13 04:39:44
anar darreh,,,,,,,,,
kudahuvadhoo,MV,2.6708,72.8944,82.53,18.21,98.0,1013.0,73.0,2021-08-13 04:39:47
hofn,IS,64.2539,-15.2082,53.58,9.51,100.0,1008.0,86.0,2021-08-13 04:39:48
machiques,VE,10.0644,-72.545,75.92,4.92,94.0,1013.0,84.0,2021-08-13 04:39:49
uyuni,BO,-20.4597,-66.825,35.83,15.26,1.0,1023.0,60.0,2021-08-13 04:39:51
iquitos,PE,-3.7481,-73.2472,73.44,1.14,75.0,1015.0,94.0,2021-08-13 04:36:31
vacaria,BR,-28.5122,-50.9339,43.39,7.96,99.0,1026.0,95.0,2021-08-13 04:39:53
gainesville,US,29.6516,-82.3248,75.11,3.8,17.0,1020.0,90.0,2021-08-13 04:35:56
las choapas,MX,17.9333,-94.0833,76.03,2.93,99.0,1016.0,90.0,2021-08-13 04:39:56
rey bouba,CM,8.6724,14.1786,69.82,1.99,90.0,1014.0,96.0,2021-08-13 04:39:57
trimbak,IN,19.9333,73.55,74.68,10.87,99.0,1010.0,77.0,2021-08-13 04:39:58
kutum,SD,14.2,24.6667,72.99,3.47,50.0,1014.0,73.0,2021-08-13 04:40:00
riaba,,,,,,,,,
san rafael del sur,NI,11.8485,-86.4384,79.77,8.1,100.0,1014.0,73.0,2021-08-13 04:40:02
turayf,SA,31.6725,38.6637,73.65,3.44,0.0,1013.0,60.0,2021-08-13 04:40:04
duvan,RU,55.695,57.9024,66.06,4.74,64.0,1024.0,40.0,2021-08-13 04:40:05
kralendijk,BQ,12.15,-68.2667,82.38,10.36,20.0,1014.0,78.0,2021-08-13 04:40:06
yanam,IN,16.7333,82.2167,86.4,5.37,83.0,1005.0,53.0,2021-08-13 04:40:08
poli,TZ,-3.3333,36.8,57.63,4.97,33.0,1021.0,76.0,2021-08-13 04:40:09
usakos,NA,-22.0,15.6,50.65,2.1,0.0,1018.0,52.0,2021-08-13 04:40:10
quelimane,MZ,-17.8786,36.8883,62.55,0.0,0.0,1019.0,94.0,2021-08-13 04:40:12
moron,AR,-34.6534,-58.6198,44.35,4.23,20.0,1029.0,93.0,2021-08-13 04:40:05
saint-joseph,RE,-21.3667,55.6167,72.73,2.46,11.0,1024.0,75.0,2021-08-13 04:40:14
svetlyy,RU,54.675,20.1347,59.05,6.38,18.0,1022.0,80.0,2021-08-13 04:40:16
craig,US,40.5153,-107.5464,63.23,0.0,1.0,1022.0,51.0,2021-08-13 04:40:17
loei,TH,17.4167,101.5,78.17,2.68,100.0,1009.0,86.0,2021-08-13 04:40:18
rong kwang,TH,18.339,100.3174,87.28,4.32,98.0,1007.0,70.0,2021-08-13 04:40:20
gigmoto,PH,13.7796,124.39,85.95,3.91,73.0,1009.0,69.0,2021-08-13 04:40:21
paraiso,CR,9.8383,-83.8656,63.36,1.19,99.0,1018.0,98.0,2021-08-13 04:40:22
jazzin,,,,,,,,,
nigde,TR,37.8333,34.75,59.09,8.25,6.0,1016.0,75.0,2021-08-13 04:40:25
coquimbo,CL,-29.9533,-71.3436,51.53,1.14,90.0,1022.0,76.0,2021-08-13 04:39:06
cabinda,AO,-5.55,12.2,71.35,4.76,76.0,1015.0,93.0,2021-08-13 04:40:27
scarborough,GB,54.2797,-0.4044,55.49,3.0,89.0,1014.0,84.0,2021-08-13 04:40:29
marsabit,KE,2.3284,37.9899,62.67,13.6,25.0,1018.0,63.0,2021-08-13 04:40:30
nouakchott,MR,18.0858,-15.9785,84.13,11.65,61.0,1008.0,66.0,2021-08-13 04:40:32
charlestown,AU,-32.95,151.6667,64.92,5.99,29.0,1024.0,61.0,2021-08-13 04:40:33
belyy yar,RU,53.6039,91.3903,73.29,4.47,0.0,1007.0,64.0,2021-08-13 04:40:34
yenagoa,NG,4.9247,6.2642,72.25,2.66,85.0,1014.0,93.0,2021-08-13 04:40:36
opuwo,NA,-18.0607,13.84,56.21,0.85,0.0,1017.0,46.0,2021-08-13 04:40:37
collecchio,IT,44.754,10.2184,74.41,2.73,93.0,1020.0,61.0,2021-08-13 04:40:38
lazarev,RU,52.225,141.5131,63.12,20.96,69.0,1014.0,79.0,2021-08-13 04:40:40
krasnogorskiy,RU,54.6025,61.231,66.4,0.83,99.0,1025.0,41.0,2021-08-13 04:40:41
borazjan,IR,29.2666,51.2159,92.53,1.39,2.0,1002.0,31.0,2021-08-13 04:40:42
marsa matruh,EG,31.3525,27.2453,80.8,8.05,0.0,1011.0,65.0,2021-08-13 04:37:13
nunkini,MX,20.3333,-90.1833,79.05,6.85,8.0,1016.0,75.0,2021-08-13 04:40:45
bo rai,TH,12.5728,102.5371,80.65,10.94,95.0,1010.0,66.0,2021-08-13 04:40:46
gambela,ET,8.25,34.5833,72.45,1.74,85.0,1014.0,82.0,2021-08-13 04:40:48
